frame,patches_off_ms,patches_on_ms,add_points_ms,rebinning_ms,re_binning_ms,traversability_ms,risk_search_ms,overhead_ms,total_ms,fine_cells,coarse_cells,patch_cells,sparse_uniform_cells,sparse_uniform_mb,memory_var_mb,memory_uniform_mb,patch_count,source_label,source_kind,classes_present,traversability_agreement,purity_20_40m,purity_40_60m,fine_cell_size,coarse_cell_size,patch_cell_size,fine_radius
0,13.544,20.470,4.046,3.276,3.276,6.108,3.841,3.199,20.470,36094,3738,417,56345,3.22,19.25,915.53,4,Synthetic (SemanticKITTI format),synthetic_kitti_format,"1,2,3,4,5,6,7",0.9627,1.0000,1.0000,0.050,0.500,0.050,10.0
1,13.342,20.588,3.983,3.116,3.116,6.214,4.078,3.196,20.588,36050,3607,343,56047,3.21,19.01,915.53,3,Synthetic (SemanticKITTI format),synthetic_kitti_format,"1,2,3,4,5,6,7",0.9648,0.9986,1.0000,0.050,0.500,0.050,10.0
2,13.319,20.514,3.866,2.974,2.974,6.317,4.215,3.141,20.514,35960,3540,345,55654,3.18,19.01,915.53,3,Synthetic (SemanticKITTI format),synthetic_kitti_format,"1,2,3,4,5,6,7",0.9636,1.0000,1.0000,0.050,0.500,0.050,10.0
3,13.490,21.421,4.105,3.551,3.551,6.726,3.830,3.210,21.421,36014,3478,381,55277,3.16,19.01,915.53,3,Synthetic (SemanticKITTI format),synthetic_kitti_format,"1,2,3,4,5,6,7",0.9649,1.0000,1.0000,0.050,0.500,0.050,10.0
4,13.764,21.598,3.722,3.275,3.275,6.929,4.713,2.960,21.598,36160,3425,387,55022,3.15,19.01,915.53,3,Synthetic (SemanticKITTI format),synthetic_kitti_format,"1,2,3,4,5,6,7",0.9636,1.0000,0.9423,0.050,0.500,0.050,10.0
5,13.858,20.478,3.403,2.860,2.860,6.430,4.896,2.889,20.478,35870,3451,420,54387,3.11,19.01,915.53,3,Synthetic (SemanticKITTI format),synthetic_kitti_format,"1,2,3,4,5,6,7",0.9643,1.0000,1.0000,0.050,0.500,0.050,10.0
6,13.665,18.779,3.434,2.099,2.099,5.851,4.417,2.979,18.779,35772,3291,376,53951,3.09,19.01,915.53,3,Synthetic (SemanticKITTI format),synthetic_kitti_format,"1,2,3,4,5,6,7",0.9645,1.0000,1.0000,0.050,0.500,0.050,10.0
7,13.877,22.717,4.430,1.847,1.847,5.902,5.221,5.317,22.717,35394,3215,390,53170,3.04,19.01,915.53,3,Synthetic (SemanticKITTI format),synthetic_kitti_format,"1,2,3,4,5,6,7",0.9639,1.0000,1.0000,0.050,0.500,0.050,10.0
8,14.787,18.751,3.000,1.755,1.755,5.638,5.126,3.233,18.751,35180,3152,297,52635,3.01,19.01,915.53,3,Synthetic (SemanticKITTI format),synthetic_kitti_format,"1,2,3,4,5,6,7",0.9641,1.0000,1.0000,0.050,0.500,0.050,10.0
9,14.737,20.546,2.826,1.877,1.877,6.755,5.506,3.583,20.546,34921,3090,372,52086,2.98,19.01,915.53,3,Synthetic (SemanticKITTI format),synthetic_kitti_format,"1,2,3,4,5,6,7",0.9638,1.0000,1.0000,0.050,0.500,0.050,10.0
10,16.266,18.896,3.463,2.659,2.659,6.322,3.900,2.552,18.896,34525,3141,379,51352,2.94,19.01,915.53,3,Synthetic (SemanticKITTI format),synthetic_kitti_format,"1,2,3,4,5,6,7",0.9616,1.0000,1.0000,0.050,0.500,0.050,10.0
11,15.154,18.685,3.378,1.875,1.875,5.611,4.725,3.097,18.685,34021,2984,381,50379,2.88,19.01,915.53,3,Synthetic (SemanticKITTI format),synthetic_kitti_format,"1,2,3,4,5,6,7",0.9604,1.0000,1.0000,0.050,0.500,0.050,10.0
12,14.332,19.030,2.442,2.267,2.267,5.913,5.662,2.746,19.030,33280,2934,286,49322,2.82,19.01,915.53,3,Synthetic (SemanticKITTI format),synthetic_kitti_format,"1,2,3,4,5,6,7",0.9605,1.0000,1.0000,0.050,0.500,0.050,10.0
13,14.870,18.901,2.469,1.740,1.740,6.134,5.436,3.122,18.901,32622,2879,340,48211,2.76,19.01,915.53,3,Synthetic (SemanticKITTI format),synthetic_kitti_format,"1,2,3,4,5,6,7",0.9592,1.0000,1.0000,0.050,0.500,0.050,10.0
14,14.219,18.266,2.872,1.699,1.699,5.520,4.948,3.227,18.266,31998,2804,377,47273,2.70,19.01,915.53,3,Synthetic (SemanticKITTI format),synthetic_kitti_format,"1,2,3,4,5,6,7",0.9590,1.0000,1.0000,0.050,0.500,0.050,10.0
15,20.228,19.678,3.568,2.348,2.348,6.671,4.127,2.964,19.678,31415,2813,427,46444,2.66,19.01,915.53,3,Synthetic (SemanticKITTI format),synthetic_kitti_format,"1,2,3,4,5,6,7",0.9611,1.0000,1.0000,0.050,0.500,0.050,10.0
16,24.575,18.767,3.400,1.673,1.673,5.378,5.384,2.932,18.767,30463,2692,379,45242,2.59,19.01,915.53,3,Synthetic (SemanticKITTI format),synthetic_kitti_format,"1,2,3,4,5,6,7",0.9636,1.0000,1.0000,0.050,0.500,0.050,10.0
17,24.068,19.144,3.040,1.606,1.606,5.434,5.720,3.343,19.144,29946,2674,367,44652,2.56,19.01,915.53,3,Synthetic (SemanticKITTI format),synthetic_kitti_format,"1,2,3,4,5,6,7",0.9664,1.0000,0.9508,0.050,0.500,0.050,10.0
18,23.720,19.930,4.219,2.071,2.071,5.573,5.063,3.004,19.930,29491,2592,289,43732,2.50,19.01,915.53,3,Synthetic (SemanticKITTI format),synthetic_kitti_format,"1,2,3,4,5,6,7",0.9665,1.0000,1.0000,0.050,0.500,0.050,10.0
19,18.603,33.898,3.192,3.821,3.821,10.258,12.672,3.955,33.898,29675,2502,271,43495,2.49,19.01,915.53,3,Synthetic (SemanticKITTI format),synthetic_kitti_format,"1,2,3,4,5,6,7",0.9644,1.0000,1.0000,0.050,0.500,0.050,10.0
20,15.656,18.925,3.973,1.698,1.698,5.403,5.081,2.772,18.925,30076,2484,271,43508,2.49,19.01,915.53,3,Synthetic (SemanticKITTI format),synthetic_kitti_format,"1,2,3,4,5,6,7",0.9598,1.0000,1.0000,0.050,0.500,0.050,10.0
21,12.765,20.815,2.673,2.437,2.437,6.252,5.581,3.872,20.815,30187,2359,295,43278,2.48,19.01,915.53,3,Synthetic (SemanticKITTI format),synthetic_kitti_format,"1,2,3,4,5,6,7",0.9562,1.0000,1.0000,0.050,0.500,0.050,10.0
22,12.404,19.267,3.170,1.703,1.703,5.940,5.417,3.037,19.267,30118,2309,352,43014,2.46,19.01,915.53,3,Synthetic (SemanticKITTI format),synthetic_kitti_format,"1,2,3,4,5,6,7",0.9538,1.0000,1.0000,0.050,0.500,0.050,10.0
23,11.862,18.734,3.098,1.595,1.595,5.309,5.360,3.371,18.734,30096,2292,399,42918,2.46,19.25,915.53,4,Synthetic (SemanticKITTI format),synthetic_kitti_format,"1,2,3,4,5,6,7",0.9523,1.0000,1.0000,0.050,0.500,0.050,10.0
24,11.930,19.069,2.891,2.473,2.473,6.265,4.712,2.727,19.069,30097,2296,463,42931,2.46,19.25,915.53,4,Synthetic (SemanticKITTI format),synthetic_kitti_format,"1,2,3,4,5,6,7",0.9561,0.9953,1.0000,0.050,0.500,0.050,10.0
25,12.804,20.296,2.726,1.570,1.570,6.456,5.544,4.000,20.296,29978,2361,536,42837,2.45,19.25,915.53,4,Synthetic (SemanticKITTI format),synthetic_kitti_format,"1,2,3,4,5,6,7",0.9593,1.0000,1.0000,0.050,0.500,0.050,10.0
26,13.623,18.761,2.718,1.486,1.486,5.434,5.494,3.629,18.761,29701,2303,324,42507,2.43,19.01,915.53,3,Synthetic (SemanticKITTI format),synthetic_kitti_format,"1,2,3,4,5,6,7",0.9613,1.0000,0.9844,0.050,0.500,0.050,10.0
27,12.884,22.027,5.408,1.547,1.547,5.725,6.698,2.650,22.027,29577,2305,482,42298,2.42,19.25,915.53,4,Synthetic (SemanticKITTI format),synthetic_kitti_format,"1,2,3,4,5,6,7",0.9647,1.0000,1.0000,0.050,0.500,0.050,10.0
28,11.820,18.803,2.585,1.820,1.820,5.727,5.322,3.350,18.803,29730,2297,420,42349,2.42,19.25,915.53,4,Synthetic (SemanticKITTI format),synthetic_kitti_format,"1,2,3,4,5,6,7",0.9664,1.0000,1.0000,0.050,0.500,0.050,10.0
29,12.852,19.454,4.103,2.172,2.172,5.943,4.173,3.062,19.454,30179,2272,429,42701,2.44,19.25,915.53,4,Synthetic (SemanticKITTI format),synthetic_kitti_format,"1,2,3,4,5,6,7",0.9635,0.8963,0.9593,0.050,0.500,0.050,10.0
30,13.464,21.944,4.442,2.488,2.488,6.651,4.580,3.784,21.944,36094,3738,417,56345,3.22,19.25,915.53,4,Synthetic (SemanticKITTI format),synthetic_kitti_format,"1,2,3,4,5,6,7",0.9627,1.0000,1.0000,0.050,0.500,0.050,10.0
31,17.493,20.218,3.656,2.135,2.135,5.904,5.107,3.415,20.218,36050,3607,343,56047,3.21,19.01,915.53,3,Synthetic (SemanticKITTI format),synthetic_kitti_format,"1,2,3,4,5,6,7",0.9648,0.9986,1.0000,0.050,0.500,0.050,10.0
32,15.440,20.434,3.565,3.086,3.086,6.652,4.574,2.558,20.434,35960,3540,345,55654,3.18,19.01,915.53,3,Synthetic (SemanticKITTI format),synthetic_kitti_format,"1,2,3,4,5,6,7",0.9636,1.0000,1.0000,0.050,0.500,0.050,10.0
33,14.070,21.993,2.946,2.595,2.595,7.541,5.419,3.492,21.993,36014,3478,381,55277,3.16,19.01,915.53,3,Synthetic (SemanticKITTI format),synthetic_kitti_format,"1,2,3,4,5,6,7",0.9649,1.0000,1.0000,0.050,0.500,0.050,10.0
34,14.804,22.021,3.050,2.313,2.313,7.897,5.318,3.443,22.021,36160,3425,387,55022,3.15,19.01,915.53,3,Synthetic (SemanticKITTI format),synthetic_kitti_format,"1,2,3,4,5,6,7",0.9636,1.0000,0.9423,0.050,0.500,0.050,10.0
35,14.293,21.131,2.959,2.315,2.315,6.901,5.853,3.103,21.131,35870,3451,420,54387,3.11,19.01,915.53,3,Synthetic (SemanticKITTI format),synthetic_kitti_format,"1,2,3,4,5,6,7",0.9643,1.0000,1.0000,0.050,0.500,0.050,10.0
36,13.319,20.905,3.000,2.841,2.841,6.473,5.464,3.128,20.905,35772,3291,376,53951,3.09,19.01,915.53,3,Synthetic (SemanticKITTI format),synthetic_kitti_format,"1,2,3,4,5,6,7",0.9645,1.0000,1.0000,0.050,0.500,0.050,10.0
37,13.737,20.353,3.819,2.925,2.925,6.726,4.036,2.847,20.353,35394,3215,390,53170,3.04,19.01,915.53,3,Synthetic (SemanticKITTI format),synthetic_kitti_format,"1,2,3,4,5,6,7",0.9639,1.0000,1.0000,0.050,0.500,0.050,10.0
38,13.300,21.128,2.597,2.433,2.433,7.480,5.582,3.036,21.128,35180,3152,297,52635,3.01,19.01,915.53,3,Synthetic (SemanticKITTI format),synthetic_kitti_format,"1,2,3,4,5,6,7",0.9641,1.0000,1.0000,0.050,0.500,0.050,10.0
39,12.869,21.384,3.309,2.728,2.728,7.044,4.644,3.659,21.384,34921,3090,372,52086,2.98,19.01,915.53,3,Synthetic (SemanticKITTI format),synthetic_kitti_format,"1,2,3,4,5,6,7",0.9638,1.0000,1.0000,0.050,0.500,0.050,10.0
40,12.657,21.260,3.685,2.696,2.696,6.841,4.855,3.182,21.260,34525,3141,379,51352,2.94,19.01,915.53,3,Synthetic (SemanticKITTI format),synthetic_kitti_format,"1,2,3,4,5,6,7",0.9616,1.0000,1.0000,0.050,0.500,0.050,10.0
41,12.527,20.815,4.446,2.183,2.183,6.190,5.102,2.895,20.815,34021,2984,381,50379,2.88,19.01,915.53,3,Synthetic (SemanticKITTI format),synthetic_kitti_format,"1,2,3,4,5,6,7",0.9604,1.0000,1.0000,0.050,0.500,0.050,10.0
42,12.550,20.490,4.009,2.798,2.798,6.028,4.269,3.385,20.490,33280,2934,286,49322,2.82,19.01,915.53,3,Synthetic (SemanticKITTI format),synthetic_kitti_format,"1,2,3,4,5,6,7",0.9605,1.0000,1.0000,0.050,0.500,0.050,10.0
43,12.972,19.823,3.909,1.803,1.803,5.714,5.259,3.137,19.823,32622,2879,340,48211,2.76,19.01,915.53,3,Synthetic (SemanticKITTI format),synthetic_kitti_format,"1,2,3,4,5,6,7",0.9592,1.0000,1.0000,0.050,0.500,0.050,10.0
44,12.313,20.740,3.680,2.490,2.490,5.833,5.187,3.549,20.740,31998,2804,377,47273,2.70,19.01,915.53,3,Synthetic (SemanticKITTI format),synthetic_kitti_format,"1,2,3,4,5,6,7",0.9590,1.0000,1.0000,0.050,0.500,0.050,10.0
45,12.371,21.017,4.640,2.499,2.499,6.072,4.593,3.214,21.017,31415,2813,427,46444,2.66,19.01,915.53,3,Synthetic (SemanticKITTI format),synthetic_kitti_format,"1,2,3,4,5,6,7",0.9611,1.0000,1.0000,0.050,0.500,0.050,10.0
46,11.555,19.935,3.942,2.491,2.491,5.753,4.407,3.343,19.935,30463,2692,379,45242,2.59,19.01,915.53,3,Synthetic (SemanticKITTI format),synthetic_kitti_format,"1,2,3,4,5,6,7",0.9636,1.0000,1.0000,0.050,0.500,0.050,10.0
47,11.859,18.996,3.720,2.035,2.035,5.499,4.604,3.137,18.996,29946,2674,367,44652,2.56,19.01,915.53,3,Synthetic (SemanticKITTI format),synthetic_kitti_format,"1,2,3,4,5,6,7",0.9664,1.0000,0.9508,0.050,0.500,0.050,10.0
48,14.375,20.609,3.822,2.709,2.709,6.252,4.757,3.069,20.609,29491,2592,289,43732,2.50,19.01,915.53,3,Synthetic (SemanticKITTI format),synthetic_kitti_format,"1,2,3,4,5,6,7",0.9665,1.0000,1.0000,0.050,0.500,0.050,10.0
49,19.034,19.709,3.546,2.861,2.861,5.951,4.326,3.026,19.709,29675,2502,271,43495,2.49,19.01,915.53,3,Synthetic (SemanticKITTI format),synthetic_kitti_format,"1,2,3,4,5,6,7",0.9644,1.0000,1.0000,0.050,0.500,0.050,10.0
50,18.996,19.140,3.287,2.246,2.246,6.017,4.525,3.064,19.140,30076,2484,271,43508,2.49,19.01,915.53,3,Synthetic (SemanticKITTI format),synthetic_kitti_format,"1,2,3,4,5,6,7",0.9598,1.0000,1.0000,0.050,0.500,0.050,10.0
51,11.768,20.339,3.353,1.532,1.532,6.216,5.641,3.596,20.339,30187,2359,295,43278,2.48,19.01,915.53,3,Synthetic (SemanticKITTI format),synthetic_kitti_format,"1,2,3,4,5,6,7",0.9562,1.0000,1.0000,0.050,0.500,0.050,10.0
52,11.512,19.755,3.574,2.672,2.672,5.886,4.182,3.441,19.755,30118,2309,352,43014,2.46,19.01,915.53,3,Synthetic (SemanticKITTI format),synthetic_kitti_format,"1,2,3,4,5,6,7",0.9538,1.0000,1.0000,0.050,0.500,0.050,10.0
53,15.563,19.559,4.053,1.852,1.852,5.359,5.164,3.131,19.559,30096,2292,399,42918,2.46,19.25,915.53,4,Synthetic (SemanticKITTI format),synthetic_kitti_format,"1,2,3,4,5,6,7",0.9523,1.0000,1.0000,0.050,0.500,0.050,10.0
54,11.669,19.424,3.738,2.648,2.648,5.984,3.948,3.105,19.424,30097,2296,463,42931,2.46,19.25,915.53,4,Synthetic (SemanticKITTI format),synthetic_kitti_format,"1,2,3,4,5,6,7",0.9561,0.9953,1.0000,0.050,0.500,0.050,10.0
55,11.491,19.773,2.813,2.230,2.230,6.278,5.145,3.308,19.773,29978,2361,536,42837,2.45,19.25,915.53,4,Synthetic (SemanticKITTI format),synthetic_kitti_format,"1,2,3,4,5,6,7",0.9593,1.0000,1.0000,0.050,0.500,0.050,10.0
56,11.185,20.138,3.039,1.545,1.545,6.284,5.540,3.730,20.138,29701,2303,324,42507,2.43,19.01,915.53,3,Synthetic (SemanticKITTI format),synthetic_kitti_format,"1,2,3,4,5,6,7",0.9613,1.0000,0.9844,0.050,0.500,0.050,10.0
57,11.243,19.539,2.877,1.594,1.594,6.142,5.256,3.670,19.539,29577,2305,482,42298,2.42,19.25,915.53,4,Synthetic (SemanticKITTI format),synthetic_kitti_format,"1,2,3,4,5,6,7",0.9647,1.0000,1.0000,0.050,0.500,0.050,10.0
58,11.316,20.294,2.492,2.171,2.171,6.292,5.312,4.027,20.294,29730,2297,420,42349,2.42,19.25,915.53,4,Synthetic (SemanticKITTI format),synthetic_kitti_format,"1,2,3,4,5,6,7",0.9664,1.0000,1.0000,0.050,0.500,0.050,10.0
59,12.385,18.818,3.207,1.570,1.570,5.589,4.981,3.471,18.818,30179,2272,429,42701,2.44,19.25,915.53,4,Synthetic (SemanticKITTI format),synthetic_kitti_format,"1,2,3,4,5,6,7",0.9635,0.8963,0.9593,0.050,0.500,0.050,10.0
60,14.360,22.825,2.829,2.726,2.726,7.719,5.672,3.879,22.825,36094,3738,417,56345,3.22,19.25,915.53,4,Synthetic (SemanticKITTI format),synthetic_kitti_format,"1,2,3,4,5,6,7",0.9627,1.0000,1.0000,0.050,0.500,0.050,10.0
61,13.106,20.995,3.900,2.065,2.065,6.422,5.642,2.966,20.995,36050,3607,343,56047,3.21,19.01,915.53,3,Synthetic (SemanticKITTI format),synthetic_kitti_format,"1,2,3,4,5,6,7",0.9648,0.9986,1.0000,0.050,0.500,0.050,10.0
62,14.033,20.984,2.634,2.704,2.704,7.324,5.217,3.105,20.984,35960,3540,345,55654,3.18,19.01,915.53,3,Synthetic (SemanticKITTI format),synthetic_kitti_format,"1,2,3,4,5,6,7",0.9636,1.0000,1.0000,0.050,0.500,0.050,10.0
63,12.927,22.557,2.934,2.476,2.476,7.750,5.488,3.910,22.557,36014,3478,381,55277,3.16,19.01,915.53,3,Synthetic (SemanticKITTI format),synthetic_kitti_format,"1,2,3,4,5,6,7",0.9649,1.0000,1.0000,0.050,0.500,0.050,10.0
64,13.284,21.857,3.614,1.935,1.935,7.404,5.605,3.299,21.857,36160,3425,387,55022,3.15,19.01,915.53,3,Synthetic (SemanticKITTI format),synthetic_kitti_format,"1,2,3,4,5,6,7",0.9636,1.0000,0.9423,0.050,0.500,0.050,10.0
65,14.385,20.775,3.629,3.001,3.001,6.627,4.713,2.804,20.775,35870,3451,420,54387,3.11,19.01,915.53,3,Synthetic (SemanticKITTI format),synthetic_kitti_format,"1,2,3,4,5,6,7",0.9643,1.0000,1.0000,0.050,0.500,0.050,10.0
66,13.422,20.076,3.030,2.569,2.569,6.553,4.763,3.161,20.076,35772,3291,376,53951,3.09,19.01,915.53,3,Synthetic (SemanticKITTI format),synthetic_kitti_format,"1,2,3,4,5,6,7",0.9645,1.0000,1.0000,0.050,0.500,0.050,10.0
67,16.010,19.889,3.939,2.578,2.578,6.168,4.230,2.974,19.889,35394,3215,390,53170,3.04,19.01,915.53,3,Synthetic (SemanticKITTI format),synthetic_kitti_format,"1,2,3,4,5,6,7",0.9639,1.0000,1.0000,0.050,0.500,0.050,10.0
68,13.341,22.000,4.013,3.492,3.492,6.469,4.733,3.293,22.000,35180,3152,297,52635,3.01,19.01,915.53,3,Synthetic (SemanticKITTI format),synthetic_kitti_format,"1,2,3,4,5,6,7",0.9641,1.0000,1.0000,0.050,0.500,0.050,10.0
69,12.802,22.185,2.957,2.089,2.089,7.618,5.618,3.903,22.185,34921,3090,372,52086,2.98,19.01,915.53,3,Synthetic (SemanticKITTI format),synthetic_kitti_format,"1,2,3,4,5,6,7",0.9638,1.0000,1.0000,0.050,0.500,0.050,10.0
70,12.577,20.270,4.236,2.554,2.554,5.815,4.474,3.191,20.270,34525,3141,379,51352,2.94,19.01,915.53,3,Synthetic (SemanticKITTI format),synthetic_kitti_format,"1,2,3,4,5,6,7",0.9616,1.0000,1.0000,0.050,0.500,0.050,10.0
71,12.786,19.521,3.733,2.342,2.342,5.897,4.420,3.128,19.521,34021,2984,381,50379,2.88,19.01,915.53,3,Synthetic (SemanticKITTI format),synthetic_kitti_format,"1,2,3,4,5,6,7",0.9604,1.0000,1.0000,0.050,0.500,0.050,10.0
72,12.250,19.724,2.758,2.409,2.409,6.926,4.736,2.894,19.724,33280,2934,286,49322,2.82,19.01,915.53,3,Synthetic (SemanticKITTI format),synthetic_kitti_format,"1,2,3,4,5,6,7",0.9605,1.0000,1.0000,0.050,0.500,0.050,10.0
73,13.038,20.987,3.223,1.886,1.886,6.606,5.322,3.950,20.987,32622,2879,340,48211,2.76,19.01,915.53,3,Synthetic (SemanticKITTI format),synthetic_kitti_format,"1,2,3,4,5,6,7",0.9592,1.0000,1.0000,0.050,0.500,0.050,10.0
74,13.014,21.117,2.812,1.907,1.907,6.937,5.826,3.634,21.117,31998,2804,377,47273,2.70,19.01,915.53,3,Synthetic (SemanticKITTI format),synthetic_kitti_format,"1,2,3,4,5,6,7",0.9590,1.0000,1.0000,0.050,0.500,0.050,10.0
75,11.966,20.222,3.775,2.705,2.705,6.013,4.451,3.279,20.222,31415,2813,427,46444,2.66,19.01,915.53,3,Synthetic (SemanticKITTI format),synthetic_kitti_format,"1,2,3,4,5,6,7",0.9611,1.0000,1.0000,0.050,0.500,0.050,10.0
76,16.152,19.741,2.973,1.708,1.708,5.757,5.538,3.765,19.741,30463,2692,379,45242,2.59,19.01,915.53,3,Synthetic (SemanticKITTI format),synthetic_kitti_format,"1,2,3,4,5,6,7",0.9636,1.0000,1.0000,0.050,0.500,0.050,10.0
77,12.429,20.185,3.744,2.259,2.259,5.853,4.600,3.730,20.185,29946,2674,367,44652,2.56,19.01,915.53,3,Synthetic (SemanticKITTI format),synthetic_kitti_format,"1,2,3,4,5,6,7",0.9664,1.0000,0.9508,0.050,0.500,0.050,10.0
78,11.628,20.528,2.555,2.334,2.334,6.838,5.478,3.321,20.528,29491,2592,289,43732,2.50,19.01,915.53,3,Synthetic (SemanticKITTI format),synthetic_kitti_format,"1,2,3,4,5,6,7",0.9665,1.0000,1.0000,0.050,0.500,0.050,10.0
79,11.426,18.817,2.744,1.670,1.670,5.777,5.079,3.547,18.817,29675,2502,271,43495,2.49,19.01,915.53,3,Synthetic (SemanticKITTI format),synthetic_kitti_format,"1,2,3,4,5,6,7",0.9644,1.0000,1.0000,0.050,0.500,0.050,10.0
80,11.362,18.153,2.816,2.035,2.035,5.638,4.943,2.722,18.153,30076,2484,271,43508,2.49,19.01,915.53,3,Synthetic (SemanticKITTI format),synthetic_kitti_format,"1,2,3,4,5,6,7",0.9598,1.0000,1.0000,0.050,0.500,0.050,10.0
81,13.470,20.561,4.111,2.134,2.134,6.412,4.835,3.069,20.561,30187,2359,295,43278,2.48,19.01,915.53,3,Synthetic (SemanticKITTI format),synthetic_kitti_format,"1,2,3,4,5,6,7",0.9562,1.0000,1.0000,0.050,0.500,0.050,10.0
82,19.870,21.260,3.463,2.375,2.375,7.323,4.519,3.581,21.260,30118,2309,352,43014,2.46,19.01,915.53,3,Synthetic (SemanticKITTI format),synthetic_kitti_format,"1,2,3,4,5,6,7",0.9538,1.0000,1.0000,0.050,0.500,0.050,10.0
83,19.021,19.876,4.068,2.066,2.066,5.891,4.256,3.595,19.876,30096,2292,399,42918,2.46,19.25,915.53,4,Synthetic (SemanticKITTI format),synthetic_kitti_format,"1,2,3,4,5,6,7",0.9523,1.0000,1.0000,0.050,0.500,0.050,10.0
84,16.073,20.184,3.216,2.539,2.539,6.970,4.740,2.719,20.184,30097,2296,463,42931,2.46,19.25,915.53,4,Synthetic (SemanticKITTI format),synthetic_kitti_format,"1,2,3,4,5,6,7",0.9561,0.9953,1.0000,0.050,0.500,0.050,10.0
85,11.262,20.000,2.662,1.713,1.713,6.257,5.494,3.873,20.000,29978,2361,536,42837,2.45,19.25,915.53,4,Synthetic (SemanticKITTI format),synthetic_kitti_format,"1,2,3,4,5,6,7",0.9593,1.0000,1.0000,0.050,0.500,0.050,10.0
86,11.399,20.904,5.002,1.616,1.616,5.838,5.239,3.209,20.904,29701,2303,324,42507,2.43,19.01,915.53,3,Synthetic (SemanticKITTI format),synthetic_kitti_format,"1,2,3,4,5,6,7",0.9613,1.0000,0.9844,0.050,0.500,0.050,10.0
87,11.788,19.893,3.521,2.065,2.065,5.952,4.768,3.588,19.893,29577,2305,482,42298,2.42,19.25,915.53,4,Synthetic (SemanticKITTI format),synthetic_kitti_format,"1,2,3,4,5,6,7",0.9647,1.0000,1.0000,0.050,0.500,0.050,10.0
88,11.253,19.872,3.464,3.834,3.834,5.790,3.982,2.802,19.872,29730,2297,420,42349,2.42,19.25,915.53,4,Synthetic (SemanticKITTI format),synthetic_kitti_format,"1,2,3,4,5,6,7",0.9664,1.0000,1.0000,0.050,0.500,0.050,10.0
89,12.076,20.473,3.648,3.234,3.234,6.124,4.550,2.917,20.473,30179,2272,429,42701,2.44,19.25,915.53,4,Synthetic (SemanticKITTI format),synthetic_kitti_format,"1,2,3,4,5,6,7",0.9635,0.8963,0.9593,0.050,0.500,0.050,10.0
90,13.212,20.808,4.226,2.300,2.300,6.323,5.026,2.933,20.808,36094,3738,417,56345,3.22,19.25,915.53,4,Synthetic (SemanticKITTI format),synthetic_kitti_format,"1,2,3,4,5,6,7",0.9627,1.0000,1.0000,0.050,0.500,0.050,10.0
91,14.557,20.986,4.282,2.615,2.615,6.191,4.630,3.269,20.986,36050,3607,343,56047,3.21,19.01,915.53,3,Synthetic (SemanticKITTI format),synthetic_kitti_format,"1,2,3,4,5,6,7",0.9648,0.9986,1.0000,0.050,0.500,0.050,10.0
92,15.392,20.948,3.489,2.986,2.986,7.080,4.702,2.692,20.948,35960,3540,345,55654,3.18,19.01,915.53,3,Synthetic (SemanticKITTI format),synthetic_kitti_format,"1,2,3,4,5,6,7",0.9636,1.0000,1.0000,0.050,0.500,0.050,10.0
93,13.016,22.041,3.081,2.173,2.173,7.517,5.210,4.061,22.041,36014,3478,381,55277,3.16,19.01,915.53,3,Synthetic (SemanticKITTI format),synthetic_kitti_format,"1,2,3,4,5,6,7",0.9649,1.0000,1.0000,0.050,0.500,0.050,10.0
94,13.001,22.091,5.527,1.977,1.977,6.363,5.392,2.832,22.091,36160,3425,387,55022,3.15,19.01,915.53,3,Synthetic (SemanticKITTI format),synthetic_kitti_format,"1,2,3,4,5,6,7",0.9636,1.0000,0.9423,0.050,0.500,0.050,10.0
95,12.836,21.356,4.287,2.268,2.268,6.373,4.845,3.583,21.356,35870,3451,420,54387,3.11,19.01,915.53,3,Synthetic (SemanticKITTI format),synthetic_kitti_format,"1,2,3,4,5,6,7",0.9643,1.0000,1.0000,0.050,0.500,0.050,10.0
96,12.406,21.562,3.723,2.911,2.911,6.051,5.203,3.673,21.562,35772,3291,376,53951,3.09,19.01,915.53,3,Synthetic (SemanticKITTI format),synthetic_kitti_format,"1,2,3,4,5,6,7",0.9645,1.0000,1.0000,0.050,0.500,0.050,10.0
97,13.554,20.801,3.374,3.311,3.311,6.731,4.815,2.569,20.801,35394,3215,390,53170,3.04,19.01,915.53,3,Synthetic (SemanticKITTI format),synthetic_kitti_format,"1,2,3,4,5,6,7",0.9639,1.0000,1.0000,0.050,0.500,0.050,10.0
98,14.556,21.541,4.273,1.893,1.893,6.622,5.562,3.191,21.541,35180,3152,297,52635,3.01,19.01,915.53,3,Synthetic (SemanticKITTI format),synthetic_kitti_format,"1,2,3,4,5,6,7",0.9641,1.0000,1.0000,0.050,0.500,0.050,10.0
99,13.011,22.976,2.896,2.374,2.374,8.357,5.485,3.864,22.976,34921,3090,372,52086,2.98,19.01,915.53,3,Synthetic (SemanticKITTI format),synthetic_kitti_format,"1,2,3,4,5,6,7",0.9638,1.0000,1.0000,0.050,0.500,0.050,10.0
100,13.594,20.080,3.837,2.408,2.408,6.059,4.554,3.221,20.080,34525,3141,379,51352,2.94,19.01,915.53,3,Synthetic (SemanticKITTI format),synthetic_kitti_format,"1,2,3,4,5,6,7",0.9616,1.0000,1.0000,0.050,0.500,0.050,10.0
101,13.677,21.125,3.090,2.706,2.706,6.138,5.777,3.414,21.125,34021,2984,381,50379,2.88,19.01,915.53,3,Synthetic (SemanticKITTI format),synthetic_kitti_format,"1,2,3,4,5,6,7",0.9604,1.0000,1.0000,0.050,0.500,0.050,10.0
102,12.815,20.068,3.313,1.890,1.890,5.822,5.344,3.699,20.068,33280,2934,286,49322,2.82,19.01,915.53,3,Synthetic (SemanticKITTI format),synthetic_kitti_format,"1,2,3,4,5,6,7",0.9605,1.0000,1.0000,0.050,0.500,0.050,10.0
103,12.790,19.753,2.733,1.805,1.805,6.268,5.298,3.649,19.753,32622,2879,340,48211,2.76,19.01,915.53,3,Synthetic (SemanticKITTI format),synthetic_kitti_format,"1,2,3,4,5,6,7",0.9592,1.0000,1.0000,0.050,0.500,0.050,10.0
104,12.276,20.896,3.475,2.743,2.743,7.064,4.580,3.033,20.896,31998,2804,377,47273,2.70,19.01,915.53,3,Synthetic (SemanticKITTI format),synthetic_kitti_format,"1,2,3,4,5,6,7",0.9590,1.0000,1.0000,0.050,0.500,0.050,10.0
105,12.352,20.399,3.072,1.755,1.755,6.181,5.688,3.703,20.399,31415,2813,427,46444,2.66,19.01,915.53,3,Synthetic (SemanticKITTI format),synthetic_kitti_format,"1,2,3,4,5,6,7",0.9611,1.0000,1.0000,0.050,0.500,0.050,10.0
106,12.934,20.870,4.280,2.086,2.086,5.477,5.901,3.125,20.870,30463,2692,379,45242,2.59,19.01,915.53,3,Synthetic (SemanticKITTI format),synthetic_kitti_format,"1,2,3,4,5,6,7",0.9636,1.0000,1.0000,0.050,0.500,0.050,10.0
107,12.207,21.334,2.989,2.604,2.604,6.445,6.006,3.290,21.334,29946,2674,367,44652,2.56,19.01,915.53,3,Synthetic (SemanticKITTI format),synthetic_kitti_format,"1,2,3,4,5,6,7",0.9664,1.0000,0.9508,0.050,0.500,0.050,10.0
108,11.475,22.043,2.544,1.888,1.888,8.335,5.475,3.803,22.043,29491,2592,289,43732,2.50,19.01,915.53,3,Synthetic (SemanticKITTI format),synthetic_kitti_format,"1,2,3,4,5,6,7",0.9665,1.0000,1.0000,0.050,0.500,0.050,10.0
109,11.857,19.698,3.463,1.624,1.624,5.825,5.336,3.450,19.698,29675,2502,271,43495,2.49,19.01,915.53,3,Synthetic (SemanticKITTI format),synthetic_kitti_format,"1,2,3,4,5,6,7",0.9644,1.0000,1.0000,0.050,0.500,0.050,10.0
110,11.537,19.708,3.354,3.143,3.143,5.979,4.473,2.758,19.708,30076,2484,271,43508,2.49,19.01,915.53,3,Synthetic (SemanticKITTI format),synthetic_kitti_format,"1,2,3,4,5,6,7",0.9598,1.0000,1.0000,0.050,0.500,0.050,10.0
111,11.503,21.316,2.845,2.060,2.060,7.105,5.428,3.878,21.316,30187,2359,295,43278,2.48,19.01,915.53,3,Synthetic (SemanticKITTI format),synthetic_kitti_format,"1,2,3,4,5,6,7",0.9562,1.0000,1.0000,0.050,0.500,0.050,10.0
112,10.769,20.772,2.752,1.613,1.613,6.767,6.054,3.587,20.772,30118,2309,352,43014,2.46,19.01,915.53,3,Synthetic (SemanticKITTI format),synthetic_kitti_format,"1,2,3,4,5,6,7",0.9538,1.0000,1.0000,0.050,0.500,0.050,10.0
113,11.187,18.891,3.601,2.427,2.427,5.613,4.126,3.124,18.891,30096,2292,399,42918,2.46,19.25,915.53,4,Synthetic (SemanticKITTI format),synthetic_kitti_format,"1,2,3,4,5,6,7",0.9523,1.0000,1.0000,0.050,0.500,0.050,10.0
114,11.416,19.981,2.817,1.844,1.844,6.158,5.371,3.790,19.981,30097,2296,463,42931,2.46,19.25,915.53,4,Synthetic (SemanticKITTI format),synthetic_kitti_format,"1,2,3,4,5,6,7",0.9561,0.9953,1.0000,0.050,0.500,0.050,10.0
115,11.325,20.937,3.762,2.855,2.855,6.026,4.535,3.759,20.937,29978,2361,536,42837,2.45,19.25,915.53,4,Synthetic (SemanticKITTI format),synthetic_kitti_format,"1,2,3,4,5,6,7",0.9593,1.0000,1.0000,0.050,0.500,0.050,10.0
116,11.565,19.790,2.774,2.133,2.133,5.853,5.671,3.358,19.790,29701,2303,324,42507,2.43,19.01,915.53,3,Synthetic (SemanticKITTI format),synthetic_kitti_format,"1,2,3,4,5,6,7",0.9613,1.0000,0.9844,0.050,0.500,0.050,10.0
117,11.289,20.120,3.188,1.787,1.787,6.281,5.454,3.411,20.120,29577,2305,482,42298,2.42,19.25,915.53,4,Synthetic (SemanticKITTI format),synthetic_kitti_format,"1,2,3,4,5,6,7",0.9647,1.0000,1.0000,0.050,0.500,0.050,10.0
118,11.587,20.662,3.829,1.651,1.651,6.305,5.597,3.280,20.662,29730,2297,420,42349,2.42,19.25,915.53,4,Synthetic (SemanticKITTI format),synthetic_kitti_format,"1,2,3,4,5,6,7",0.9664,1.0000,1.0000,0.050,0.500,0.050,10.0
119,11.492,18.814,2.447,1.827,1.827,6.016,5.388,3.137,18.814,30179,2272,429,42701,2.44,19.25,915.53,4,Synthetic (SemanticKITTI format),synthetic_kitti_format,"1,2,3,4,5,6,7",0.9635,0.8963,0.9593,0.050,0.500,0.050,10.0
120,12.748,23.903,4.674,2.982,2.982,7.327,5.529,3.391,23.903,36094,3738,417,56345,3.22,19.25,915.53,4,Synthetic (SemanticKITTI format),synthetic_kitti_format,"1,2,3,4,5,6,7",0.9627,1.0000,1.0000,0.050,0.500,0.050,10.0
121,13.551,21.258,3.331,2.112,2.112,6.677,5.320,3.817,21.258,36050,3607,343,56047,3.21,19.01,915.53,3,Synthetic (SemanticKITTI format),synthetic_kitti_format,"1,2,3,4,5,6,7",0.9648,0.9986,1.0000,0.050,0.500,0.050,10.0
122,13.674,20.128,3.742,3.220,3.220,6.029,3.862,3.275,20.128,35960,3540,345,55654,3.18,19.01,915.53,3,Synthetic (SemanticKITTI format),synthetic_kitti_format,"1,2,3,4,5,6,7",0.9636,1.0000,1.0000,0.050,0.500,0.050,10.0
123,12.674,19.470,3.606,2.688,2.688,6.232,4.059,2.884,19.470,36014,3478,381,55277,3.16,19.01,915.53,3,Synthetic (SemanticKITTI format),synthetic_kitti_format,"1,2,3,4,5,6,7",0.9649,1.0000,1.0000,0.050,0.500,0.050,10.0
124,13.359,21.564,4.050,2.727,2.727,7.312,4.344,3.132,21.564,36160,3425,387,55022,3.15,19.01,915.53,3,Synthetic (SemanticKITTI format),synthetic_kitti_format,"1,2,3,4,5,6,7",0.9636,1.0000,0.9423,0.050,0.500,0.050,10.0
125,13.113,21.317,3.356,2.826,2.826,7.042,4.695,3.399,21.317,35870,3451,420,54387,3.11,19.01,915.53,3,Synthetic (SemanticKITTI format),synthetic_kitti_format,"1,2,3,4,5,6,7",0.9643,1.0000,1.0000,0.050,0.500,0.050,10.0
126,13.284,21.391,4.040,2.110,2.110,6.682,5.540,3.020,21.391,35772,3291,376,53951,3.09,19.01,915.53,3,Synthetic (SemanticKITTI format),synthetic_kitti_format,"1,2,3,4,5,6,7",0.9645,1.0000,1.0000,0.050,0.500,0.050,10.0
127,13.397,20.991,4.356,2.493,2.493,6.436,4.193,3.512,20.991,35394,3215,390,53170,3.04,19.01,915.53,3,Synthetic (SemanticKITTI format),synthetic_kitti_format,"1,2,3,4,5,6,7",0.9639,1.0000,1.0000,0.050,0.500,0.050,10.0
128,13.527,21.681,4.578,3.260,3.260,7.023,3.891,2.929,21.681,35180,3152,297,52635,3.01,19.01,915.53,3,Synthetic (SemanticKITTI format),synthetic_kitti_format,"1,2,3,4,5,6,7",0.9641,1.0000,1.0000,0.050,0.500,0.050,10.0
129,13.187,21.936,3.152,3.270,3.270,7.317,5.195,3.002,21.936,34921,3090,372,52086,2.98,19.01,915.53,3,Synthetic (SemanticKITTI format),synthetic_kitti_format,"1,2,3,4,5,6,7",0.9638,1.0000,1.0000,0.050,0.500,0.050,10.0
130,12.701,20.263,3.926,2.488,2.488,6.419,4.045,3.385,20.263,34525,3141,379,51352,2.94,19.01,915.53,3,Synthetic (SemanticKITTI format),synthetic_kitti_format,"1,2,3,4,5,6,7",0.9616,1.0000,1.0000,0.050,0.500,0.050,10.0
131,12.317,18.746,2.685,1.761,1.761,5.845,4.989,3.467,18.746,34021,2984,381,50379,2.88,19.01,915.53,3,Synthetic (SemanticKITTI format),synthetic_kitti_format,"1,2,3,4,5,6,7",0.9604,1.0000,1.0000,0.050,0.500,0.050,10.0
132,12.873,18.863,3.591,2.261,2.261,5.844,4.278,2.889,18.863,33280,2934,286,49322,2.82,19.01,915.53,3,Synthetic (SemanticKITTI format),synthetic_kitti_format,"1,2,3,4,5,6,7",0.9605,1.0000,1.0000,0.050,0.500,0.050,10.0
133,11.989,18.989,2.740,2.100,2.100,6.498,4.779,2.872,18.989,32622,2879,340,48211,2.76,19.01,915.53,3,Synthetic (SemanticKITTI format),synthetic_kitti_format,"1,2,3,4,5,6,7",0.9592,1.0000,1.0000,0.050,0.500,0.050,10.0
134,12.225,19.950,3.544,3.027,3.027,6.300,4.312,2.767,19.950,31998,2804,377,47273,2.70,19.01,915.53,3,Synthetic (SemanticKITTI format),synthetic_kitti_format,"1,2,3,4,5,6,7",0.9590,1.0000,1.0000,0.050,0.500,0.050,10.0
135,11.887,19.260,3.524,2.186,2.186,5.558,4.393,3.599,19.260,31415,2813,427,46444,2.66,19.01,915.53,3,Synthetic (SemanticKITTI format),synthetic_kitti_format,"1,2,3,4,5,6,7",0.9611,1.0000,1.0000,0.050,0.500,0.050,10.0
136,11.683,21.963,5.288,2.581,2.581,6.402,3.821,3.870,21.963,30463,2692,379,45242,2.59,19.01,915.53,3,Synthetic (SemanticKITTI format),synthetic_kitti_format,"1,2,3,4,5,6,7",0.9636,1.0000,1.0000,0.050,0.500,0.050,10.0
137,11.626,19.627,2.742,1.797,1.797,5.882,5.794,3.414,19.627,29946,2674,367,44652,2.56,19.01,915.53,3,Synthetic (SemanticKITTI format),synthetic_kitti_format,"1,2,3,4,5,6,7",0.9664,1.0000,0.9508,0.050,0.500,0.050,10.0
138,12.892,21.052,2.721,2.893,2.893,6.150,6.164,3.123,21.052,29491,2592,289,43732,2.50,19.01,915.53,3,Synthetic (SemanticKITTI format),synthetic_kitti_format,"1,2,3,4,5,6,7",0.9665,1.0000,1.0000,0.050,0.500,0.050,10.0
139,13.733,19.006,3.118,1.743,1.743,5.474,4.903,3.768,19.006,29675,2502,271,43495,2.49,19.01,915.53,3,Synthetic (SemanticKITTI format),synthetic_kitti_format,"1,2,3,4,5,6,7",0.9644,1.0000,1.0000,0.050,0.500,0.050,10.0
140,11.163,18.694,2.553,1.727,1.727,5.382,5.293,3.739,18.694,30076,2484,271,43508,2.49,19.01,915.53,3,Synthetic (SemanticKITTI format),synthetic_kitti_format,"1,2,3,4,5,6,7",0.9598,1.0000,1.0000,0.050,0.500,0.050,10.0
141,11.908,19.381,2.476,1.713,1.713,6.157,5.443,3.592,19.381,30187,2359,295,43278,2.48,19.01,915.53,3,Synthetic (SemanticKITTI format),synthetic_kitti_format,"1,2,3,4,5,6,7",0.9562,1.0000,1.0000,0.050,0.500,0.050,10.0
142,11.473,19.717,3.341,2.011,2.011,5.845,3.969,4.551,19.717,30118,2309,352,43014,2.46,19.01,915.53,3,Synthetic (SemanticKITTI format),synthetic_kitti_format,"1,2,3,4,5,6,7",0.9538,1.0000,1.0000,0.050,0.500,0.050,10.0
143,11.209,17.553,2.340,1.563,1.563,5.209,4.857,3.583,17.553,30096,2292,399,42918,2.46,19.25,915.53,4,Synthetic (SemanticKITTI format),synthetic_kitti_format,"1,2,3,4,5,6,7",0.9523,1.0000,1.0000,0.050,0.500,0.050,10.0
144,11.414,17.560,3.166,2.497,2.497,5.658,3.678,2.560,17.560,30097,2296,463,42931,2.46,19.25,915.53,4,Synthetic (SemanticKITTI format),synthetic_kitti_format,"1,2,3,4,5,6,7",0.9561,0.9953,1.0000,0.050,0.500,0.050,10.0
145,13.287,19.498,3.422,2.426,2.426,6.801,3.744,3.104,19.498,29978,2361,536,42837,2.45,19.25,915.53,4,Synthetic (SemanticKITTI format),synthetic_kitti_format,"1,2,3,4,5,6,7",0.9593,1.0000,1.0000,0.050,0.500,0.050,10.0
146,11.405,17.472,2.747,2.251,2.251,5.315,4.654,2.505,17.472,29701,2303,324,42507,2.43,19.01,915.53,3,Synthetic (SemanticKITTI format),synthetic_kitti_format,"1,2,3,4,5,6,7",0.9613,1.0000,0.9844,0.050,0.500,0.050,10.0
147,11.195,20.596,3.957,2.182,2.182,6.006,5.060,3.392,20.596,29577,2305,482,42298,2.42,19.25,915.53,4,Synthetic (SemanticKITTI format),synthetic_kitti_format,"1,2,3,4,5,6,7",0.9647,1.0000,1.0000,0.050,0.500,0.050,10.0
148,11.373,20.496,2.628,1.942,1.942,6.344,5.214,4.369,20.496,29730,2297,420,42349,2.42,19.25,915.53,4,Synthetic (SemanticKITTI format),synthetic_kitti_format,"1,2,3,4,5,6,7",0.9664,1.0000,1.0000,0.050,0.500,0.050,10.0
149,11.411,18.803,2.422,1.488,1.488,6.188,5.135,3.570,18.803,30179,2272,429,42701,2.44,19.25,915.53,4,Synthetic (SemanticKITTI format),synthetic_kitti_format,"1,2,3,4,5,6,7",0.9635,0.8963,0.9593,0.050,0.500,0.050,10.0
150,13.257,20.432,3.070,2.017,2.017,6.648,5.246,3.452,20.432,36094,3738,417,56345,3.22,19.25,915.53,4,Synthetic (SemanticKITTI format),synthetic_kitti_format,"1,2,3,4,5,6,7",0.9627,1.0000,1.0000,0.050,0.500,0.050,10.0
151,13.387,19.111,2.911,1.971,1.971,6.694,4.709,2.828,19.111,36050,3607,343,56047,3.21,19.01,915.53,3,Synthetic (SemanticKITTI format),synthetic_kitti_format,"1,2,3,4,5,6,7",0.9648,0.9986,1.0000,0.050,0.500,0.050,10.0
152,14.740,23.199,3.841,3.123,3.123,6.677,5.471,4.087,23.199,35960,3540,345,55654,3.18,19.01,915.53,3,Synthetic (SemanticKITTI format),synthetic_kitti_format,"1,2,3,4,5,6,7",0.9636,1.0000,1.0000,0.050,0.500,0.050,10.0
153,13.133,21.467,2.777,2.532,2.532,7.233,5.654,3.270,21.467,36014,3478,381,55277,3.16,19.01,915.53,3,Synthetic (SemanticKITTI format),synthetic_kitti_format,"1,2,3,4,5,6,7",0.9649,1.0000,1.0000,0.050,0.500,0.050,10.0
154,13.643,19.694,3.264,2.044,2.044,6.146,5.134,3.106,19.694,36160,3425,387,55022,3.15,19.01,915.53,3,Synthetic (SemanticKITTI format),synthetic_kitti_format,"1,2,3,4,5,6,7",0.9636,1.0000,0.9423,0.050,0.500,0.050,10.0
155,13.663,21.445,3.863,2.718,2.718,6.277,5.048,3.539,21.445,35870,3451,420,54387,3.11,19.01,915.53,3,Synthetic (SemanticKITTI format),synthetic_kitti_format,"1,2,3,4,5,6,7",0.9643,1.0000,1.0000,0.050,0.500,0.050,10.0
156,13.298,20.781,3.189,2.493,2.493,7.254,4.481,3.364,20.781,35772,3291,376,53951,3.09,19.01,915.53,3,Synthetic (SemanticKITTI format),synthetic_kitti_format,"1,2,3,4,5,6,7",0.9645,1.0000,1.0000,0.050,0.500,0.050,10.0
157,12.636,20.001,3.887,2.303,2.303,6.228,4.603,2.980,20.001,35394,3215,390,53170,3.04,19.01,915.53,3,Synthetic (SemanticKITTI format),synthetic_kitti_format,"1,2,3,4,5,6,7",0.9639,1.0000,1.0000,0.050,0.500,0.050,10.0
158,13.240,20.362,3.658,3.084,3.084,6.730,4.135,2.755,20.362,35180,3152,297,52635,3.01,19.01,915.53,3,Synthetic (SemanticKITTI format),synthetic_kitti_format,"1,2,3,4,5,6,7",0.9641,1.0000,1.0000,0.050,0.500,0.050,10.0
159,12.835,20.326,3.940,2.571,2.571,5.894,4.962,2.959,20.326,34921,3090,372,52086,2.98,19.01,915.53,3,Synthetic (SemanticKITTI format),synthetic_kitti_format,"1,2,3,4,5,6,7",0.9638,1.0000,1.0000,0.050,0.500,0.050,10.0
160,14.121,20.274,3.707,2.861,2.861,6.970,3.967,2.768,20.274,34525,3141,379,51352,2.94,19.01,915.53,3,Synthetic (SemanticKITTI format),synthetic_kitti_format,"1,2,3,4,5,6,7",0.9616,1.0000,1.0000,0.050,0.500,0.050,10.0
161,26.057,25.383,4.761,2.740,2.740,6.946,6.691,4.245,25.383,34021,2984,381,50379,2.88,19.01,915.53,3,Synthetic (SemanticKITTI format),synthetic_kitti_format,"1,2,3,4,5,6,7",0.9604,1.0000,1.0000,0.050,0.500,0.050,10.0
162,16.779,20.135,2.777,3.281,3.281,6.218,5.050,2.809,20.135,33280,2934,286,49322,2.82,19.01,915.53,3,Synthetic (SemanticKITTI format),synthetic_kitti_format,"1,2,3,4,5,6,7",0.9605,1.0000,1.0000,0.050,0.500,0.050,10.0
163,13.084,20.256,3.338,2.534,2.534,6.911,4.361,3.112,20.256,32622,2879,340,48211,2.76,19.01,915.53,3,Synthetic (SemanticKITTI format),synthetic_kitti_format,"1,2,3,4,5,6,7",0.9592,1.0000,1.0000,0.050,0.500,0.050,10.0
164,14.877,20.395,3.658,2.889,2.889,6.274,4.149,3.425,20.395,31998,2804,377,47273,2.70,19.01,915.53,3,Synthetic (SemanticKITTI format),synthetic_kitti_format,"1,2,3,4,5,6,7",0.9590,1.0000,1.0000,0.050,0.500,0.050,10.0
165,16.474,19.009,2.497,1.711,1.711,6.116,5.157,3.528,19.009,31415,2813,427,46444,2.66,19.01,915.53,3,Synthetic (SemanticKITTI format),synthetic_kitti_format,"1,2,3,4,5,6,7",0.9611,1.0000,1.0000,0.050,0.500,0.050,10.0
166,14.371,21.635,3.502,2.600,2.600,5.976,5.349,4.207,21.635,30463,2692,379,45242,2.59,19.01,915.53,3,Synthetic (SemanticKITTI format),synthetic_kitti_format,"1,2,3,4,5,6,7",0.9636,1.0000,1.0000,0.050,0.500,0.050,10.0
167,13.635,18.993,2.494,1.705,1.705,6.011,5.248,3.535,18.993,29946,2674,367,44652,2.56,19.01,915.53,3,Synthetic (SemanticKITTI format),synthetic_kitti_format,"1,2,3,4,5,6,7",0.9664,1.0000,0.9508,0.050,0.500,0.050,10.0
168,12.183,19.866,2.488,2.466,2.466,6.041,5.618,3.254,19.866,29491,2592,289,43732,2.50,19.01,915.53,3,Synthetic (SemanticKITTI format),synthetic_kitti_format,"1,2,3,4,5,6,7",0.9665,1.0000,1.0000,0.050,0.500,0.050,10.0
169,20.991,19.567,3.158,1.776,1.776,5.610,5.493,3.530,19.567,29675,2502,271,43495,2.49,19.01,915.53,3,Synthetic (SemanticKITTI format),synthetic_kitti_format,"1,2,3,4,5,6,7",0.9644,1.0000,1.0000,0.050,0.500,0.050,10.0
170,22.210,20.383,3.597,3.039,3.039,5.984,4.404,3.360,20.383,30076,2484,271,43508,2.49,19.01,915.53,3,Synthetic (SemanticKITTI format),synthetic_kitti_format,"1,2,3,4,5,6,7",0.9598,1.0000,1.0000,0.050,0.500,0.050,10.0
171,11.940,18.014,3.435,1.999,1.999,5.492,3.976,3.112,18.014,30187,2359,295,43278,2.48,19.01,915.53,3,Synthetic (SemanticKITTI format),synthetic_kitti_format,"1,2,3,4,5,6,7",0.9562,1.0000,1.0000,0.050,0.500,0.050,10.0
172,12.793,20.393,4.207,2.587,2.587,6.021,3.784,3.794,20.393,30118,2309,352,43014,2.46,19.01,915.53,3,Synthetic (SemanticKITTI format),synthetic_kitti_format,"1,2,3,4,5,6,7",0.9538,1.0000,1.0000,0.050,0.500,0.050,10.0
173,15.223,18.100,3.037,1.985,1.985,5.791,4.167,3.121,18.100,30096,2292,399,42918,2.46,19.25,915.53,4,Synthetic (SemanticKITTI format),synthetic_kitti_format,"1,2,3,4,5,6,7",0.9523,1.0000,1.0000,0.050,0.500,0.050,10.0
174,14.328,19.705,3.476,3.122,3.122,6.016,4.304,2.786,19.705,30097,2296,463,42931,2.46,19.25,915.53,4,Synthetic (SemanticKITTI format),synthetic_kitti_format,"1,2,3,4,5,6,7",0.9561,0.9953,1.0000,0.050,0.500,0.050,10.0
175,18.471,19.922,3.436,1.629,1.629,5.892,5.565,3.400,19.922,29978,2361,536,42837,2.45,19.25,915.53,4,Synthetic (SemanticKITTI format),synthetic_kitti_format,"1,2,3,4,5,6,7",0.9593,1.0000,1.0000,0.050,0.500,0.050,10.0
176,15.768,19.089,3.469,3.175,3.175,5.603,3.847,2.995,19.089,29701,2303,324,42507,2.43,19.01,915.53,3,Synthetic (SemanticKITTI format),synthetic_kitti_format,"1,2,3,4,5,6,7",0.9613,1.0000,0.9844,0.050,0.500,0.050,10.0
177,17.743,21.283,2.806,1.887,1.887,7.291,5.417,3.882,21.283,29577,2305,482,42298,2.42,19.25,915.53,4,Synthetic (SemanticKITTI format),synthetic_kitti_format,"1,2,3,4,5,6,7",0.9647,1.0000,1.0000,0.050,0.500,0.050,10.0
178,15.051,19.207,2.958,2.173,2.173,6.969,4.443,2.663,19.207,29730,2297,420,42349,2.42,19.25,915.53,4,Synthetic (SemanticKITTI format),synthetic_kitti_format,"1,2,3,4,5,6,7",0.9664,1.0000,1.0000,0.050,0.500,0.050,10.0
179,14.554,19.196,2.793,2.198,2.198,6.093,5.334,2.778,19.196,30179,2272,429,42701,2.44,19.25,915.53,4,Synthetic (SemanticKITTI format),synthetic_kitti_format,"1,2,3,4,5,6,7",0.9635,0.8963,0.9593,0.050,0.500,0.050,10.0
180,17.889,23.230,3.028,2.190,2.190,9.087,4.833,4.091,23.230,36094,3738,417,56345,3.22,19.25,915.53,4,Synthetic (SemanticKITTI format),synthetic_kitti_format,"1,2,3,4,5,6,7",0.9627,1.0000,1.0000,0.050,0.500,0.050,10.0
181,19.205,20.048,3.063,2.045,2.045,6.573,5.193,3.174,20.048,36050,3607,343,56047,3.21,19.01,915.53,3,Synthetic (SemanticKITTI format),synthetic_kitti_format,"1,2,3,4,5,6,7",0.9648,0.9986,1.0000,0.050,0.500,0.050,10.0
182,17.806,22.093,5.034,2.227,2.227,6.196,4.823,3.812,22.093,35960,3540,345,55654,3.18,19.01,915.53,3,Synthetic (SemanticKITTI format),synthetic_kitti_format,"1,2,3,4,5,6,7",0.9636,1.0000,1.0000,0.050,0.500,0.050,10.0
183,18.218,20.577,4.010,2.405,2.405,6.439,4.588,3.134,20.577,36014,3478,381,55277,3.16,19.01,915.53,3,Synthetic (SemanticKITTI format),synthetic_kitti_format,"1,2,3,4,5,6,7",0.9649,1.0000,1.0000,0.050,0.500,0.050,10.0
184,17.585,20.375,3.367,2.011,2.011,6.400,5.324,3.273,20.375,36160,3425,387,55022,3.15,19.01,915.53,3,Synthetic (SemanticKITTI format),synthetic_kitti_format,"1,2,3,4,5,6,7",0.9636,1.0000,0.9423,0.050,0.500,0.050,10.0
185,18.299,21.242,2.916,2.926,2.926,7.245,4.959,3.196,21.242,35870,3451,420,54387,3.11,19.01,915.53,3,Synthetic (SemanticKITTI format),synthetic_kitti_format,"1,2,3,4,5,6,7",0.9643,1.0000,1.0000,0.050,0.500,0.050,10.0
186,15.646,21.082,4.391,2.880,2.880,6.512,4.104,3.195,21.082,35772,3291,376,53951,3.09,19.01,915.53,3,Synthetic (SemanticKITTI format),synthetic_kitti_format,"1,2,3,4,5,6,7",0.9645,1.0000,1.0000,0.050,0.500,0.050,10.0
187,20.379,20.014,3.565,2.746,2.746,6.025,4.413,3.264,20.014,35394,3215,390,53170,3.04,19.01,915.53,3,Synthetic (SemanticKITTI format),synthetic_kitti_format,"1,2,3,4,5,6,7",0.9639,1.0000,1.0000,0.050,0.500,0.050,10.0
188,30.514,20.925,3.450,3.461,3.461,6.754,4.454,2.806,20.925,35180,3152,297,52635,3.01,19.01,915.53,3,Synthetic (SemanticKITTI format),synthetic_kitti_format,"1,2,3,4,5,6,7",0.9641,1.0000,1.0000,0.050,0.500,0.050,10.0
189,19.055,20.355,4.016,2.828,2.828,6.770,3.885,2.856,20.355,34921,3090,372,52086,2.98,19.01,915.53,3,Synthetic (SemanticKITTI format),synthetic_kitti_format,"1,2,3,4,5,6,7",0.9638,1.0000,1.0000,0.050,0.500,0.050,10.0
190,17.904,20.064,2.817,1.787,1.787,6.710,5.432,3.318,20.064,34525,3141,379,51352,2.94,19.01,915.53,3,Synthetic (SemanticKITTI format),synthetic_kitti_format,"1,2,3,4,5,6,7",0.9616,1.0000,1.0000,0.050,0.500,0.050,10.0
191,18.745,20.387,3.883,2.694,2.694,6.223,4.227,3.360,20.387,34021,2984,381,50379,2.88,19.01,915.53,3,Synthetic (SemanticKITTI format),synthetic_kitti_format,"1,2,3,4,5,6,7",0.9604,1.0000,1.0000,0.050,0.500,0.050,10.0
192,15.634,24.784,3.526,3.106,3.106,7.456,7.400,3.296,24.784,33280,2934,286,49322,2.82,19.01,915.53,3,Synthetic (SemanticKITTI format),synthetic_kitti_format,"1,2,3,4,5,6,7",0.9605,1.0000,1.0000,0.050,0.500,0.050,10.0
193,15.302,20.980,2.797,1.751,1.751,7.197,5.415,3.819,20.980,32622,2879,340,48211,2.76,19.01,915.53,3,Synthetic (SemanticKITTI format),synthetic_kitti_format,"1,2,3,4,5,6,7",0.9592,1.0000,1.0000,0.050,0.500,0.050,10.0
194,16.373,20.481,3.857,1.746,1.746,5.982,5.245,3.651,20.481,31998,2804,377,47273,2.70,19.01,915.53,3,Synthetic (SemanticKITTI format),synthetic_kitti_format,"1,2,3,4,5,6,7",0.9590,1.0000,1.0000,0.050,0.500,0.050,10.0
195,15.651,20.323,3.131,1.848,1.848,6.258,4.777,4.310,20.323,31415,2813,427,46444,2.66,19.01,915.53,3,Synthetic (SemanticKITTI format),synthetic_kitti_format,"1,2,3,4,5,6,7",0.9611,1.0000,1.0000,0.050,0.500,0.050,10.0
196,17.565,20.307,3.940,2.256,2.256,5.684,4.531,3.895,20.307,30463,2692,379,45242,2.59,19.01,915.53,3,Synthetic (SemanticKITTI format),synthetic_kitti_format,"1,2,3,4,5,6,7",0.9636,1.0000,1.0000,0.050,0.500,0.050,10.0
197,14.685,20.346,2.545,2.041,2.041,6.395,5.216,4.150,20.346,29946,2674,367,44652,2.56,19.01,915.53,3,Synthetic (SemanticKITTI format),synthetic_kitti_format,"1,2,3,4,5,6,7",0.9664,1.0000,0.9508,0.050,0.500,0.050,10.0
198,16.175,20.456,2.571,2.546,2.546,6.404,5.305,3.631,20.456,29491,2592,289,43732,2.50,19.01,915.53,3,Synthetic (SemanticKITTI format),synthetic_kitti_format,"1,2,3,4,5,6,7",0.9665,1.0000,1.0000,0.050,0.500,0.050,10.0
199,17.150,19.200,3.674,1.768,1.768,5.956,4.466,3.336,19.200,29675,2502,271,43495,2.49,19.01,915.53,3,Synthetic (SemanticKITTI format),synthetic_kitti_format,"1,2,3,4,5,6,7",0.9644,1.0000,1.0000,0.050,0.500,0.050,10.0
200,14.593,18.819,2.950,1.561,1.561,5.248,5.614,3.446,18.819,30076,2484,271,43508,2.49,19.01,915.53,3,Synthetic (SemanticKITTI format),synthetic_kitti_format,"1,2,3,4,5,6,7",0.9598,1.0000,1.0000,0.050,0.500,0.050,10.0
201,15.499,18.719,3.192,1.511,1.511,5.436,5.442,3.138,18.719,30187,2359,295,43278,2.48,19.01,915.53,3,Synthetic (SemanticKITTI format),synthetic_kitti_format,"1,2,3,4,5,6,7",0.9562,1.0000,1.0000,0.050,0.500,0.050,10.0
202,18.305,19.354,2.699,1.700,1.700,6.077,4.958,3.920,19.354,30118,2309,352,43014,2.46,19.01,915.53,3,Synthetic (SemanticKITTI format),synthetic_kitti_format,"1,2,3,4,5,6,7",0.9538,1.0000,1.0000,0.050,0.500,0.050,10.0
203,15.212,18.834,2.373,1.922,1.922,6.126,5.213,3.199,18.834,30096,2292,399,42918,2.46,19.25,915.53,4,Synthetic (SemanticKITTI format),synthetic_kitti_format,"1,2,3,4,5,6,7",0.9523,1.0000,1.0000,0.050,0.500,0.050,10.0
204,12.703,19.608,3.223,3.262,3.262,5.883,4.242,2.999,19.608,30097,2296,463,42931,2.46,19.25,915.53,4,Synthetic (SemanticKITTI format),synthetic_kitti_format,"1,2,3,4,5,6,7",0.9561,0.9953,1.0000,0.050,0.500,0.050,10.0
205,12.165,19.240,3.492,1.621,1.621,5.956,5.125,3.045,19.240,29978,2361,536,42837,2.45,19.25,915.53,4,Synthetic (SemanticKITTI format),synthetic_kitti_format,"1,2,3,4,5,6,7",0.9593,1.0000,1.0000,0.050,0.500,0.050,10.0
206,10.887,19.382,4.074,2.892,2.892,5.686,3.813,2.918,19.382,29701,2303,324,42507,2.43,19.01,915.53,3,Synthetic (SemanticKITTI format),synthetic_kitti_format,"1,2,3,4,5,6,7",0.9613,1.0000,0.9844,0.050,0.500,0.050,10.0
207,12.248,18.660,2.793,1.618,1.618,5.297,5.480,3.473,18.660,29577,2305,482,42298,2.42,19.25,915.53,4,Synthetic (SemanticKITTI format),synthetic_kitti_format,"1,2,3,4,5,6,7",0.9647,1.0000,1.0000,0.050,0.500,0.050,10.0
208,11.984,21.462,2.622,1.764,1.764,8.963,4.987,3.126,21.462,29730,2297,420,42349,2.42,19.25,915.53,4,Synthetic (SemanticKITTI format),synthetic_kitti_format,"1,2,3,4,5,6,7",0.9664,1.0000,1.0000,0.050,0.500,0.050,10.0
209,12.930,19.437,2.467,1.713,1.713,6.187,5.600,3.469,19.437,30179,2272,429,42701,2.44,19.25,915.53,4,Synthetic (SemanticKITTI format),synthetic_kitti_format,"1,2,3,4,5,6,7",0.9635,0.8963,0.9593,0.050,0.500,0.050,10.0
210,15.170,19.901,3.291,2.728,2.728,6.695,4.357,2.830,19.901,36094,3738,417,56345,3.22,19.25,915.53,4,Synthetic (SemanticKITTI format),synthetic_kitti_format,"1,2,3,4,5,6,7",0.9627,1.0000,1.0000,0.050,0.500,0.050,10.0
211,14.000,20.282,2.924,2.329,2.329,6.538,4.782,3.708,20.282,36050,3607,343,56047,3.21,19.01,915.53,3,Synthetic (SemanticKITTI format),synthetic_kitti_format,"1,2,3,4,5,6,7",0.9648,0.9986,1.0000,0.050,0.500,0.050,10.0
212,14.085,21.644,2.657,3.217,3.217,7.339,5.196,3.235,21.644,35960,3540,345,55654,3.18,19.01,915.53,3,Synthetic (SemanticKITTI format),synthetic_kitti_format,"1,2,3,4,5,6,7",0.9636,1.0000,1.0000,0.050,0.500,0.050,10.0
213,14.270,19.134,3.550,2.667,2.667,6.363,4.143,2.411,19.134,36014,3478,381,55277,3.16,19.01,915.53,3,Synthetic (SemanticKITTI format),synthetic_kitti_format,"1,2,3,4,5,6,7",0.9649,1.0000,1.0000,0.050,0.500,0.050,10.0
214,13.976,20.487,4.139,2.606,2.606,6.358,3.815,3.570,20.487,36160,3425,387,55022,3.15,19.01,915.53,3,Synthetic (SemanticKITTI format),synthetic_kitti_format,"1,2,3,4,5,6,7",0.9636,1.0000,0.9423,0.050,0.500,0.050,10.0
215,14.702,19.081,3.558,2.650,2.650,6.310,4.033,2.530,19.081,35870,3451,420,54387,3.11,19.01,915.53,3,Synthetic (SemanticKITTI format),synthetic_kitti_format,"1,2,3,4,5,6,7",0.9643,1.0000,1.0000,0.050,0.500,0.050,10.0
216,13.405,20.086,2.684,2.672,2.672,6.823,5.008,2.899,20.086,35772,3291,376,53951,3.09,19.01,915.53,3,Synthetic (SemanticKITTI format),synthetic_kitti_format,"1,2,3,4,5,6,7",0.9645,1.0000,1.0000,0.050,0.500,0.050,10.0
217,14.074,20.108,2.897,2.882,2.882,6.720,4.797,2.812,20.108,35394,3215,390,53170,3.04,19.01,915.53,3,Synthetic (SemanticKITTI format),synthetic_kitti_format,"1,2,3,4,5,6,7",0.9639,1.0000,1.0000,0.050,0.500,0.050,10.0
218,13.630,19.635,2.632,1.785,1.785,6.684,4.948,3.585,19.635,35180,3152,297,52635,3.01,19.01,915.53,3,Synthetic (SemanticKITTI format),synthetic_kitti_format,"1,2,3,4,5,6,7",0.9641,1.0000,1.0000,0.050,0.500,0.050,10.0
219,14.036,19.928,2.824,1.816,1.816,6.919,4.981,3.388,19.928,34921,3090,372,52086,2.98,19.01,915.53,3,Synthetic (SemanticKITTI format),synthetic_kitti_format,"1,2,3,4,5,6,7",0.9638,1.0000,1.0000,0.050,0.500,0.050,10.0
220,13.888,19.953,3.953,3.126,3.126,6.155,3.846,2.873,19.953,34525,3141,379,51352,2.94,19.01,915.53,3,Synthetic (SemanticKITTI format),synthetic_kitti_format,"1,2,3,4,5,6,7",0.9616,1.0000,1.0000,0.050,0.500,0.050,10.0
221,12.604,18.960,2.655,1.932,1.932,6.310,5.151,2.912,18.960,34021,2984,381,50379,2.88,19.01,915.53,3,Synthetic (SemanticKITTI format),synthetic_kitti_format,"1,2,3,4,5,6,7",0.9604,1.0000,1.0000,0.050,0.500,0.050,10.0
222,13.370,20.234,2.922,1.951,1.951,6.347,5.400,3.614,20.234,33280,2934,286,49322,2.82,19.01,915.53,3,Synthetic (SemanticKITTI format),synthetic_kitti_format,"1,2,3,4,5,6,7",0.9605,1.0000,1.0000,0.050,0.500,0.050,10.0
223,13.876,20.397,4.019,2.872,2.872,6.416,3.865,3.225,20.397,32622,2879,340,48211,2.76,19.01,915.53,3,Synthetic (SemanticKITTI format),synthetic_kitti_format,"1,2,3,4,5,6,7",0.9592,1.0000,1.0000,0.050,0.500,0.050,10.0
224,13.893,19.855,3.686,2.974,2.974,6.545,3.902,2.748,19.855,31998,2804,377,47273,2.70,19.01,915.53,3,Synthetic (SemanticKITTI format),synthetic_kitti_format,"1,2,3,4,5,6,7",0.9590,1.0000,1.0000,0.050,0.500,0.050,10.0
225,14.826,19.213,3.474,1.781,1.781,5.742,4.953,3.263,19.213,31415,2813,427,46444,2.66,19.01,915.53,3,Synthetic (SemanticKITTI format),synthetic_kitti_format,"1,2,3,4,5,6,7",0.9611,1.0000,1.0000,0.050,0.500,0.050,10.0
226,12.620,18.501,2.403,1.767,1.767,5.952,5.295,3.084,18.501,30463,2692,379,45242,2.59,19.01,915.53,3,Synthetic (SemanticKITTI format),synthetic_kitti_format,"1,2,3,4,5,6,7",0.9636,1.0000,1.0000,0.050,0.500,0.050,10.0
227,11.604,19.001,3.165,2.782,2.782,6.188,4.270,2.595,19.001,29946,2674,367,44652,2.56,19.01,915.53,3,Synthetic (SemanticKITTI format),synthetic_kitti_format,"1,2,3,4,5,6,7",0.9664,1.0000,0.9508,0.050,0.500,0.050,10.0
228,11.196,20.242,4.075,2.989,2.989,5.813,3.883,3.483,20.242,29491,2592,289,43732,2.50,19.01,915.53,3,Synthetic (SemanticKITTI format),synthetic_kitti_format,"1,2,3,4,5,6,7",0.9665,1.0000,1.0000,0.050,0.500,0.050,10.0
229,12.437,18.498,3.383,1.609,1.609,5.559,4.801,3.145,18.498,29675,2502,271,43495,2.49,19.01,915.53,3,Synthetic (SemanticKITTI format),synthetic_kitti_format,"1,2,3,4,5,6,7",0.9644,1.0000,1.0000,0.050,0.500,0.050,10.0
230,13.598,18.684,3.410,1.782,1.782,6.206,4.140,3.146,18.684,30076,2484,271,43508,2.49,19.01,915.53,3,Synthetic (SemanticKITTI format),synthetic_kitti_format,"1,2,3,4,5,6,7",0.9598,1.0000,1.0000,0.050,0.500,0.050,10.0
231,12.271,19.242,3.642,2.656,2.656,5.854,3.971,3.118,19.242,30187,2359,295,43278,2.48,19.01,915.53,3,Synthetic (SemanticKITTI format),synthetic_kitti_format,"1,2,3,4,5,6,7",0.9562,1.0000,1.0000,0.050,0.500,0.050,10.0
232,14.218,19.184,3.679,2.573,2.573,5.396,4.320,3.217,19.184,30118,2309,352,43014,2.46,19.01,915.53,3,Synthetic (SemanticKITTI format),synthetic_kitti_format,"1,2,3,4,5,6,7",0.9538,1.0000,1.0000,0.050,0.500,0.050,10.0
233,16.325,18.644,2.352,2.031,2.031,5.914,5.317,3.031,18.644,30096,2292,399,42918,2.46,19.25,915.53,4,Synthetic (SemanticKITTI format),synthetic_kitti_format,"1,2,3,4,5,6,7",0.9523,1.0000,1.0000,0.050,0.500,0.050,10.0
234,13.863,20.329,2.808,1.596,1.596,7.069,5.205,3.650,20.329,30097,2296,463,42931,2.46,19.25,915.53,4,Synthetic (SemanticKITTI format),synthetic_kitti_format,"1,2,3,4,5,6,7",0.9561,0.9953,1.0000,0.050,0.500,0.050,10.0
235,13.580,19.554,3.590,2.273,2.273,6.360,4.068,3.264,19.554,29978,2361,536,42837,2.45,19.25,915.53,4,Synthetic (SemanticKITTI format),synthetic_kitti_format,"1,2,3,4,5,6,7",0.9593,1.0000,1.0000,0.050,0.500,0.050,10.0
236,12.671,18.888,3.799,2.420,2.420,5.567,3.795,3.306,18.888,29701,2303,324,42507,2.43,19.01,915.53,3,Synthetic (SemanticKITTI format),synthetic_kitti_format,"1,2,3,4,5,6,7",0.9613,1.0000,0.9844,0.050,0.500,0.050,10.0
237,13.388,20.802,4.206,2.801,2.801,6.376,4.161,3.259,20.802,29577,2305,482,42298,2.42,19.25,915.53,4,Synthetic (SemanticKITTI format),synthetic_kitti_format,"1,2,3,4,5,6,7",0.9647,1.0000,1.0000,0.050,0.500,0.050,10.0
238,12.886,19.065,3.211,1.605,1.605,5.378,5.249,3.622,19.065,29730,2297,420,42349,2.42,19.25,915.53,4,Synthetic (SemanticKITTI format),synthetic_kitti_format,"1,2,3,4,5,6,7",0.9664,1.0000,1.0000,0.050,0.500,0.050,10.0
239,11.605,20.768,2.859,3.025,3.025,6.864,5.252,2.767,20.768,30179,2272,429,42701,2.44,19.25,915.53,4,Synthetic (SemanticKITTI format),synthetic_kitti_format,"1,2,3,4,5,6,7",0.9635,0.8963,0.9593,0.050,0.500,0.050,10.0
240,12.888,20.585,3.822,3.133,3.133,6.105,4.160,3.365,20.585,36094,3738,417,56345,3.22,19.25,915.53,4,Synthetic (SemanticKITTI format),synthetic_kitti_format,"1,2,3,4,5,6,7",0.9627,1.0000,1.0000,0.050,0.500,0.050,10.0
241,13.566,20.674,3.634,2.267,2.267,6.377,4.747,3.649,20.674,36050,3607,343,56047,3.21,19.01,915.53,3,Synthetic (SemanticKITTI format),synthetic_kitti_format,"1,2,3,4,5,6,7",0.9648,0.9986,1.0000,0.050,0.500,0.050,10.0
242,14.036,21.831,4.764,1.971,1.971,6.420,5.951,2.726,21.831,35960,3540,345,55654,3.18,19.01,915.53,3,Synthetic (SemanticKITTI format),synthetic_kitti_format,"1,2,3,4,5,6,7",0.9636,1.0000,1.0000,0.050,0.500,0.050,10.0
243,13.438,21.705,2.625,2.854,2.854,7.639,5.396,3.191,21.705,36014,3478,381,55277,3.16,19.01,915.53,3,Synthetic (SemanticKITTI format),synthetic_kitti_format,"1,2,3,4,5,6,7",0.9649,1.0000,1.0000,0.050,0.500,0.050,10.0
244,13.472,20.878,4.092,2.311,2.311,6.064,5.098,3.313,20.878,36160,3425,387,55022,3.15,19.01,915.53,3,Synthetic (SemanticKITTI format),synthetic_kitti_format,"1,2,3,4,5,6,7",0.9636,1.0000,0.9423,0.050,0.500,0.050,10.0
245,13.771,20.286,3.488,2.296,2.296,6.667,4.639,3.197,20.286,35870,3451,420,54387,3.11,19.01,915.53,3,Synthetic (SemanticKITTI format),synthetic_kitti_format,"1,2,3,4,5,6,7",0.9643,1.0000,1.0000,0.050,0.500,0.050,10.0
246,13.867,20.790,2.564,2.474,2.474,6.979,5.515,3.257,20.790,35772,3291,376,53951,3.09,19.01,915.53,3,Synthetic (SemanticKITTI format),synthetic_kitti_format,"1,2,3,4,5,6,7",0.9645,1.0000,1.0000,0.050,0.500,0.050,10.0
247,13.947,23.320,2.782,3.888,3.888,6.610,6.476,3.564,23.320,35394,3215,390,53170,3.04,19.01,915.53,3,Synthetic (SemanticKITTI format),synthetic_kitti_format,"1,2,3,4,5,6,7",0.9639,1.0000,1.0000,0.050,0.500,0.050,10.0
248,15.184,26.266,4.112,2.213,2.213,10.315,5.768,3.859,26.266,35180,3152,297,52635,3.01,19.01,915.53,3,Synthetic (SemanticKITTI format),synthetic_kitti_format,"1,2,3,4,5,6,7",0.9641,1.0000,1.0000,0.050,0.500,0.050,10.0
249,13.222,23.763,5.380,2.621,2.621,6.976,5.228,3.558,23.763,34921,3090,372,52086,2.98,19.01,915.53,3,Synthetic (SemanticKITTI format),synthetic_kitti_format,"1,2,3,4,5,6,7",0.9638,1.0000,1.0000,0.050,0.500,0.050,10.0
250,12.992,19.809,3.335,2.331,2.331,6.211,4.834,3.097,19.809,34525,3141,379,51352,2.94,19.01,915.53,3,Synthetic (SemanticKITTI format),synthetic_kitti_format,"1,2,3,4,5,6,7",0.9616,1.0000,1.0000,0.050,0.500,0.050,10.0
251,13.430,25.058,3.683,3.988,3.988,7.071,6.416,3.900,25.058,34021,2984,381,50379,2.88,19.01,915.53,3,Synthetic (SemanticKITTI format),synthetic_kitti_format,"1,2,3,4,5,6,7",0.9604,1.0000,1.0000,0.050,0.500,0.050,10.0
252,12.267,23.705,6.049,2.113,2.113,6.553,6.106,2.883,23.705,33280,2934,286,49322,2.82,19.01,915.53,3,Synthetic (SemanticKITTI format),synthetic_kitti_format,"1,2,3,4,5,6,7",0.9605,1.0000,1.0000,0.050,0.500,0.050,10.0
253,12.625,19.894,4.108,2.420,2.420,6.006,3.881,3.480,19.894,32622,2879,340,48211,2.76,19.01,915.53,3,Synthetic (SemanticKITTI format),synthetic_kitti_format,"1,2,3,4,5,6,7",0.9592,1.0000,1.0000,0.050,0.500,0.050,10.0
254,11.797,22.209,5.701,2.921,2.921,5.731,4.115,3.741,22.209,31998,2804,377,47273,2.70,19.01,915.53,3,Synthetic (SemanticKITTI format),synthetic_kitti_format,"1,2,3,4,5,6,7",0.9590,1.0000,1.0000,0.050,0.500,0.050,10.0
255,12.675,22.101,4.616,2.011,2.011,6.928,5.121,3.425,22.101,31415,2813,427,46444,2.66,19.01,915.53,3,Synthetic (SemanticKITTI format),synthetic_kitti_format,"1,2,3,4,5,6,7",0.9611,1.0000,1.0000,0.050,0.500,0.050,10.0
256,13.799,21.379,4.569,2.168,2.168,6.681,4.513,3.449,21.379,30463,2692,379,45242,2.59,19.01,915.53,3,Synthetic (SemanticKITTI format),synthetic_kitti_format,"1,2,3,4,5,6,7",0.9636,1.0000,1.0000,0.050,0.500,0.050,10.0
257,13.068,19.824,2.586,2.504,2.504,6.192,5.256,3.285,19.824,29946,2674,367,44652,2.56,19.01,915.53,3,Synthetic (SemanticKITTI format),synthetic_kitti_format,"1,2,3,4,5,6,7",0.9664,1.0000,0.9508,0.050,0.500,0.050,10.0
258,11.679,24.049,4.618,2.438,2.438,6.470,6.225,4.297,24.049,29491,2592,289,43732,2.50,19.01,915.53,3,Synthetic (SemanticKITTI format),synthetic_kitti_format,"1,2,3,4,5,6,7",0.9665,1.0000,1.0000,0.050,0.500,0.050,10.0
259,11.559,22.555,3.334,2.082,2.082,7.798,6.110,3.230,22.555,29675,2502,271,43495,2.49,19.01,915.53,3,Synthetic (SemanticKITTI format),synthetic_kitti_format,"1,2,3,4,5,6,7",0.9644,1.0000,1.0000,0.050,0.500,0.050,10.0
260,12.277,20.224,4.647,1.602,1.602,5.443,5.161,3.371,20.224,30076,2484,271,43508,2.49,19.01,915.53,3,Synthetic (SemanticKITTI format),synthetic_kitti_format,"1,2,3,4,5,6,7",0.9598,1.0000,1.0000,0.050,0.500,0.050,10.0
261,11.914,20.481,3.805,2.595,2.595,5.700,5.090,3.291,20.481,30187,2359,295,43278,2.48,19.01,915.53,3,Synthetic (SemanticKITTI format),synthetic_kitti_format,"1,2,3,4,5,6,7",0.9562,1.0000,1.0000,0.050,0.500,0.050,10.0
262,12.127,22.158,3.346,2.660,2.660,7.405,5.194,3.552,22.158,30118,2309,352,43014,2.46,19.01,915.53,3,Synthetic (SemanticKITTI format),synthetic_kitti_format,"1,2,3,4,5,6,7",0.9538,1.0000,1.0000,0.050,0.500,0.050,10.0
263,11.676,21.469,3.706,2.133,2.133,5.856,4.817,4.956,21.469,30096,2292,399,42918,2.46,19.25,915.53,4,Synthetic (SemanticKITTI format),synthetic_kitti_format,"1,2,3,4,5,6,7",0.9523,1.0000,1.0000,0.050,0.500,0.050,10.0
264,12.858,21.704,3.092,2.918,2.918,6.970,5.052,3.672,21.704,30097,2296,463,42931,2.46,19.25,915.53,4,Synthetic (SemanticKITTI format),synthetic_kitti_format,"1,2,3,4,5,6,7",0.9561,0.9953,1.0000,0.050,0.500,0.050,10.0
265,12.658,19.543,3.757,1.882,1.882,5.620,5.138,3.145,19.543,29978,2361,536,42837,2.45,19.25,915.53,4,Synthetic (SemanticKITTI format),synthetic_kitti_format,"1,2,3,4,5,6,7",0.9593,1.0000,1.0000,0.050,0.500,0.050,10.0
266,11.637,20.037,3.618,2.965,2.965,5.997,4.458,2.999,20.037,29701,2303,324,42507,2.43,19.01,915.53,3,Synthetic (SemanticKITTI format),synthetic_kitti_format,"1,2,3,4,5,6,7",0.9613,1.0000,0.9844,0.050,0.500,0.050,10.0
267,12.063,20.745,2.496,2.004,2.004,6.673,5.764,3.808,20.745,29577,2305,482,42298,2.42,19.25,915.53,4,Synthetic (SemanticKITTI format),synthetic_kitti_format,"1,2,3,4,5,6,7",0.9647,1.0000,1.0000,0.050,0.500,0.050,10.0
268,12.155,21.429,3.128,3.318,3.318,6.294,5.437,3.251,21.429,29730,2297,420,42349,2.42,19.25,915.53,4,Synthetic (SemanticKITTI format),synthetic_kitti_format,"1,2,3,4,5,6,7",0.9664,1.0000,1.0000,0.050,0.500,0.050,10.0
269,12.873,22.870,3.857,2.453,2.453,5.967,5.539,5.054,22.870,30179,2272,429,42701,2.44,19.25,915.53,4,Synthetic (SemanticKITTI format),synthetic_kitti_format,"1,2,3,4,5,6,7",0.9635,0.8963,0.9593,0.050,0.500,0.050,10.0
270,14.669,25.890,5.230,3.349,3.349,7.611,5.382,4.318,25.890,36094,3738,417,56345,3.22,19.25,915.53,4,Synthetic (SemanticKITTI format),synthetic_kitti_format,"1,2,3,4,5,6,7",0.9627,1.0000,1.0000,0.050,0.500,0.050,10.0
271,13.765,23.228,3.415,2.920,2.920,8.122,5.393,3.378,23.228,36050,3607,343,56047,3.21,19.01,915.53,3,Synthetic (SemanticKITTI format),synthetic_kitti_format,"1,2,3,4,5,6,7",0.9648,0.9986,1.0000,0.050,0.500,0.050,10.0
272,15.608,22.649,4.083,2.958,2.958,6.644,5.160,3.804,22.649,35960,3540,345,55654,3.18,19.01,915.53,3,Synthetic (SemanticKITTI format),synthetic_kitti_format,"1,2,3,4,5,6,7",0.9636,1.0000,1.0000,0.050,0.500,0.050,10.0
273,13.258,21.695,3.313,2.947,2.947,6.924,4.907,3.602,21.695,36014,3478,381,55277,3.16,19.01,915.53,3,Synthetic (SemanticKITTI format),synthetic_kitti_format,"1,2,3,4,5,6,7",0.9649,1.0000,1.0000,0.050,0.500,0.050,10.0
274,14.372,23.448,3.234,3.409,3.409,7.248,5.530,4.027,23.448,36160,3425,387,55022,3.15,19.01,915.53,3,Synthetic (SemanticKITTI format),synthetic_kitti_format,"1,2,3,4,5,6,7",0.9636,1.0000,0.9423,0.050,0.500,0.050,10.0
275,14.000,21.557,3.702,2.229,2.229,6.911,5.528,3.188,21.557,35870,3451,420,54387,3.11,19.01,915.53,3,Synthetic (SemanticKITTI format),synthetic_kitti_format,"1,2,3,4,5,6,7",0.9643,1.0000,1.0000,0.050,0.500,0.050,10.0
276,13.595,22.723,3.959,3.495,3.495,6.742,5.264,3.264,22.723,35772,3291,376,53951,3.09,19.01,915.53,3,Synthetic (SemanticKITTI format),synthetic_kitti_format,"1,2,3,4,5,6,7",0.9645,1.0000,1.0000,0.050,0.500,0.050,10.0
277,13.719,29.994,5.302,3.514,3.514,9.594,7.479,4.105,29.994,35394,3215,390,53170,3.04,19.01,915.53,3,Synthetic (SemanticKITTI format),synthetic_kitti_format,"1,2,3,4,5,6,7",0.9639,1.0000,1.0000,0.050,0.500,0.050,10.0
278,13.879,23.386,4.644,2.941,2.941,6.483,5.320,3.999,23.386,35180,3152,297,52635,3.01,19.01,915.53,3,Synthetic (SemanticKITTI format),synthetic_kitti_format,"1,2,3,4,5,6,7",0.9641,1.0000,1.0000,0.050,0.500,0.050,10.0
279,16.389,20.650,2.552,2.234,2.234,7.082,5.588,3.195,20.650,34921,3090,372,52086,2.98,19.01,915.53,3,Synthetic (SemanticKITTI format),synthetic_kitti_format,"1,2,3,4,5,6,7",0.9638,1.0000,1.0000,0.050,0.500,0.050,10.0
280,15.528,19.096,2.921,2.221,2.221,6.500,4.889,2.565,19.096,34525,3141,379,51352,2.94,19.01,915.53,3,Synthetic (SemanticKITTI format),synthetic_kitti_format,"1,2,3,4,5,6,7",0.9616,1.0000,1.0000,0.050,0.500,0.050,10.0
281,14.648,20.231,3.939,2.794,2.794,6.812,4.181,2.505,20.231,34021,2984,381,50379,2.88,19.01,915.53,3,Synthetic (SemanticKITTI format),synthetic_kitti_format,"1,2,3,4,5,6,7",0.9604,1.0000,1.0000,0.050,0.500,0.050,10.0
282,12.874,19.442,2.679,1.762,1.762,6.355,5.324,3.322,19.442,33280,2934,286,49322,2.82,19.01,915.53,3,Synthetic (SemanticKITTI format),synthetic_kitti_format,"1,2,3,4,5,6,7",0.9605,1.0000,1.0000,0.050,0.500,0.050,10.0
283,14.776,18.737,3.001,1.713,1.713,5.643,4.964,3.416,18.737,32622,2879,340,48211,2.76,19.01,915.53,3,Synthetic (SemanticKITTI format),synthetic_kitti_format,"1,2,3,4,5,6,7",0.9592,1.0000,1.0000,0.050,0.500,0.050,10.0
284,14.164,18.843,3.344,2.692,2.692,6.015,3.995,2.797,18.843,31998,2804,377,47273,2.70,19.01,915.53,3,Synthetic (SemanticKITTI format),synthetic_kitti_format,"1,2,3,4,5,6,7",0.9590,1.0000,1.0000,0.050,0.500,0.050,10.0
285,15.555,18.984,2.425,1.932,1.932,6.550,4.969,3.107,18.984,31415,2813,427,46444,2.66,19.01,915.53,3,Synthetic (SemanticKITTI format),synthetic_kitti_format,"1,2,3,4,5,6,7",0.9611,1.0000,1.0000,0.050,0.500,0.050,10.0
286,13.312,19.521,2.448,2.448,2.448,5.720,5.911,2.993,19.521,30463,2692,379,45242,2.59,19.01,915.53,3,Synthetic (SemanticKITTI format),synthetic_kitti_format,"1,2,3,4,5,6,7",0.9636,1.0000,1.0000,0.050,0.500,0.050,10.0
287,12.834,28.355,5.229,2.372,2.372,10.134,6.645,3.974,28.355,29946,2674,367,44652,2.56,19.01,915.53,3,Synthetic (SemanticKITTI format),synthetic_kitti_format,"1,2,3,4,5,6,7",0.9664,1.0000,0.9508,0.050,0.500,0.050,10.0
288,11.384,29.909,5.904,3.394,3.394,7.374,8.622,4.615,29.909,29491,2592,289,43732,2.50,19.01,915.53,3,Synthetic (SemanticKITTI format),synthetic_kitti_format,"1,2,3,4,5,6,7",0.9665,1.0000,1.0000,0.050,0.500,0.050,10.0
289,11.642,18.614,3.651,2.219,2.219,5.688,4.166,2.889,18.614,29675,2502,271,43495,2.49,19.01,915.53,3,Synthetic (SemanticKITTI format),synthetic_kitti_format,"1,2,3,4,5,6,7",0.9644,1.0000,1.0000,0.050,0.500,0.050,10.0
290,12.741,19.577,2.610,2.613,2.613,5.540,5.632,3.182,19.577,30076,2484,271,43508,2.49,19.01,915.53,3,Synthetic (SemanticKITTI format),synthetic_kitti_format,"1,2,3,4,5,6,7",0.9598,1.0000,1.0000,0.050,0.500,0.050,10.0
291,13.076,20.141,4.019,2.766,2.766,6.660,4.094,2.602,20.141,30187,2359,295,43278,2.48,19.01,915.53,3,Synthetic (SemanticKITTI format),synthetic_kitti_format,"1,2,3,4,5,6,7",0.9562,1.0000,1.0000,0.050,0.500,0.050,10.0
292,14.756,19.636,4.018,2.731,2.731,5.651,4.100,3.136,19.636,30118,2309,352,43014,2.46,19.01,915.53,3,Synthetic (SemanticKITTI format),synthetic_kitti_format,"1,2,3,4,5,6,7",0.9538,1.0000,1.0000,0.050,0.500,0.050,10.0
293,12.614,22.386,4.118,3.958,3.958,6.623,4.200,3.487,22.386,30096,2292,399,42918,2.46,19.25,915.53,4,Synthetic (SemanticKITTI format),synthetic_kitti_format,"1,2,3,4,5,6,7",0.9523,1.0000,1.0000,0.050,0.500,0.050,10.0
294,12.260,21.086,3.738,1.633,1.633,6.684,5.579,3.452,21.086,30097,2296,463,42931,2.46,19.25,915.53,4,Synthetic (SemanticKITTI format),synthetic_kitti_format,"1,2,3,4,5,6,7",0.9561,0.9953,1.0000,0.050,0.500,0.050,10.0
295,10.780,18.453,3.337,1.590,1.590,5.184,5.220,3.121,18.453,29978,2361,536,42837,2.45,19.25,915.53,4,Synthetic (SemanticKITTI format),synthetic_kitti_format,"1,2,3,4,5,6,7",0.9593,1.0000,1.0000,0.050,0.500,0.050,10.0
296,12.516,19.071,3.657,1.979,1.979,5.329,5.022,3.083,19.071,29701,2303,324,42507,2.43,19.01,915.53,3,Synthetic (SemanticKITTI format),synthetic_kitti_format,"1,2,3,4,5,6,7",0.9613,1.0000,0.9844,0.050,0.500,0.050,10.0
297,13.423,18.991,2.649,1.607,1.607,6.078,5.081,3.575,18.991,29577,2305,482,42298,2.42,19.25,915.53,4,Synthetic (SemanticKITTI format),synthetic_kitti_format,"1,2,3,4,5,6,7",0.9647,1.0000,1.0000,0.050,0.500,0.050,10.0
298,12.340,19.776,2.730,2.947,2.947,6.120,5.058,2.921,19.776,29730,2297,420,42349,2.42,19.25,915.53,4,Synthetic (SemanticKITTI format),synthetic_kitti_format,"1,2,3,4,5,6,7",0.9664,1.0000,1.0000,0.050,0.500,0.050,10.0
299,12.134,18.981,3.413,2.639,2.639,5.658,4.123,3.148,18.981,30179,2272,429,42701,2.44,19.25,915.53,4,Synthetic (SemanticKITTI format),synthetic_kitti_format,"1,2,3,4,5,6,7",0.9635,0.8963,0.9593,0.050,0.500,0.050,10.0
